{
    "mosaicjson": "0.0.2",
    "version": "1.0.0",
    "minzoom": 10,
    "maxzoom": 16,
    "quadkey_zoom": 10,
    "bounds": [
        4.702148437500005,
        59.18437135920059,
        5.004272460937505,
        59.34159366540318
    ],
    "center": [
        4.853210449218755,
        59.26298251230189,
        10
    ],
    "tiles": {
        "1200203303": [
            "s3://7a-cogs/cog_dem/33-101-112.tif"
        ],
        "1200203312": [
            "s3://7a-cogs/cog_dem/33-101-112.tif"
        ]
    }
}